,구,동,all_kin,pub_kin,ratio_kin,all_chi,pub_chi,ratio_chi
0,종로구,사직동,11,1,9.090909090909092,1.0,0.0,0.0
1,종로구,삼청동,3,1,33.33333333333333,0.0,0.0,0.0
2,종로구,부암동,3,2,66.66666666666666,2.0,0.0,0.0
3,종로구,평창동,3,1,33.33333333333333,0.0,0.0,0.0
4,종로구,무악동,3,3,100.0,1.0,0.0,0.0
5,종로구,교남동,6,4,66.66666666666666,0.0,0.0,0.0
6,종로구,가회동,4,1,25.0,1.0,1.0,100.0
7,종로구,종로1.2.3.4가동,12,1,8.333333333333332,1.0,0.0,0.0
8,종로구,종로5.6가동,4,1,25.0,1.0,0.0,0.0
9,종로구,이화동,3,1,33.33333333333333,0.0,0.0,0.0
10,종로구,창신1동,3,1,33.33333333333333,1.0,1.0,100.0
11,종로구,창신2동,3,3,100.0,0.0,0.0,0.0
12,종로구,창신3동,2,2,100.0,1.0,1.0,100.0
13,종로구,숭인1동,2,2,100.0,1.0,0.0,0.0
14,종로구,숭인2동,2,2,100.0,0.0,0.0,0.0
15,종로구,청운효자동,4,3,75.0,3.0,1.0,33.33333333333333
16,종로구,혜화동,3,3,100.0,3.0,1.0,33.33333333333333
17,중구,소공동,5,0,0.0,1.0,1.0,100.0
18,중구,회현동,8,1,12.5,1.0,0.0,0.0
19,중구,명동,9,0,0.0,0.0,0.0,0.0
20,중구,필동,1,1,100.0,2.0,0.0,0.0
21,중구,장충동,2,1,50.0,1.0,1.0,100.0
22,중구,광희동,2,1,50.0,0.0,0.0,0.0
23,중구,을지로동,2,0,0.0,1.0,0.0,0.0
24,중구,신당5동,4,2,50.0,1.0,0.0,0.0
25,중구,황학동,6,4,66.66666666666666,0.0,0.0,0.0
26,중구,중림동,6,3,50.0,1.0,0.0,0.0
27,중구,신당동,1,1,100.0,1.0,1.0,100.0
28,중구,다산동,4,1,25.0,2.0,1.0,50.0
29,중구,약수동,7,3,42.85714285714285,1.0,0.0,0.0
30,중구,청구동,4,2,50.0,2.0,0.0,0.0
31,중구,동화동,3,3,100.0,0.0,0.0,0.0
32,용산구,후암동,9,2,22.22222222222222,1.0,0.0,0.0
33,용산구,용산2가동,2,2,100.0,0.0,0.0,0.0
34,용산구,남영동,3,1,33.33333333333333,0.0,0.0,0.0
35,용산구,원효로2동,8,3,37.5,2.0,0.0,0.0
36,용산구,효창동,8,3,37.5,0.0,0.0,0.0
37,용산구,용문동,7,2,28.57142857142857,1.0,0.0,0.0
38,용산구,이촌1동,11,1,9.090909090909092,5.0,0.0,0.0
39,용산구,이촌2동,4,3,75.0,0.0,0.0,0.0
40,용산구,이태원1동,5,0,0.0,0.0,0.0,0.0
41,용산구,이태원2동,3,3,100.0,0.0,0.0,0.0
42,용산구,서빙고동,6,2,33.33333333333333,1.0,1.0,100.0
43,용산구,보광동,5,2,40.0,0.0,0.0,0.0
44,용산구,청파동,9,2,22.22222222222222,1.0,1.0,100.0
45,용산구,원효로1동,9,4,44.44444444444444,1.0,1.0,100.0
46,용산구,한강로동,10,4,40.0,0.0,0.0,0.0
47,용산구,한남동,7,2,28.57142857142857,1.0,1.0,100.0
48,성동구,왕십리2동,9,7,77.77777777777779,1.0,1.0,100.0
49,성동구,마장동,12,6,50.0,4.0,2.0,50.0
50,성동구,사근동,3,2,66.66666666666666,2.0,1.0,50.0
51,성동구,행당1동,9,5,55.55555555555556,1.0,0.0,0.0
52,성동구,행당2동,13,3,23.07692307692308,1.0,0.0,0.0
53,성동구,응봉동,6,3,50.0,1.0,0.0,0.0
54,성동구,금호1가동,10,5,50.0,1.0,0.0,0.0
55,성동구,금호4가동,8,3,37.5,2.0,1.0,50.0
56,성동구,성수1가1동,6,4,66.66666666666666,3.0,2.0,66.66666666666666
57,성동구,성수1가2동,7,3,42.85714285714285,0.0,0.0,0.0
58,성동구,성수2가1동,6,2,33.33333333333333,1.0,1.0,100.0
59,성동구,성수2가3동,6,4,66.66666666666666,1.0,1.0,100.0
60,성동구,송정동,5,2,40.0,1.0,1.0,100.0
61,성동구,용답동,5,2,40.0,1.0,1.0,100.0
62,성동구,왕십리도선동,16,11,68.75,2.0,1.0,50.0
63,성동구,금호2.3가동,15,9,60.0,2.0,1.0,50.0
64,성동구,옥수동,15,10,66.66666666666666,4.0,1.0,25.0
65,광진구,화양동,5,2,40.0,1.0,1.0,100.0
66,광진구,군자동,10,4,40.0,2.0,0.0,0.0
67,광진구,중곡1동,3,2,66.66666666666666,0.0,0.0,0.0
68,광진구,중곡2동,11,4,36.36363636363637,0.0,0.0,0.0
69,광진구,중곡3동,11,3,27.27272727272727,1.0,1.0,100.0
70,광진구,중곡4동,11,3,27.27272727272727,1.0,1.0,100.0
71,광진구,능동,4,3,75.0,2.0,0.0,0.0
72,광진구,구의1동,7,3,42.85714285714285,0.0,0.0,0.0
73,광진구,구의2동,15,3,20.0,2.0,0.0,0.0
74,광진구,구의3동,15,6,40.0,1.0,0.0,0.0
75,광진구,광장동,17,8,47.05882352941176,5.0,1.0,20.0
76,광진구,자양1동,9,3,33.33333333333333,3.0,1.0,33.33333333333333
77,광진구,자양2동,10,4,40.0,3.0,2.0,66.66666666666666
78,광진구,자양3동,15,4,26.666666666666668,4.0,1.0,25.0
79,광진구,자양4동,9,4,44.44444444444444,0.0,0.0,0.0
80,동대문구,회기동,5,2,40.0,2.0,0.0,0.0
81,동대문구,휘경1동,7,2,28.57142857142857,0.0,0.0,0.0
82,동대문구,휘경2동,13,4,30.76923076923077,3.0,2.0,66.66666666666666
83,동대문구,청량리동,8,3,37.5,1.0,0.0,0.0
84,동대문구,용신동,14,6,42.85714285714285,1.0,0.0,0.0
85,동대문구,제기동,10,6,60.0,2.0,1.0,50.0
86,동대문구,전농1동,15,7,46.66666666666666,1.0,0.0,0.0
87,동대문구,전농2동,13,6,46.15384615384615,4.0,2.0,50.0
88,동대문구,답십리1동,16,8,50.0,1.0,1.0,100.0
89,동대문구,답십리2동,18,6,33.33333333333333,3.0,0.0,0.0
90,동대문구,장안1동,24,9,37.5,3.0,1.0,33.33333333333333
91,동대문구,장안2동,20,8,40.0,3.0,1.0,33.33333333333333
92,동대문구,이문1동,8,4,50.0,2.0,0.0,0.0
93,동대문구,이문2동,13,6,46.15384615384615,1.0,1.0,100.0
94,중랑구,면목2동,10,3,30.0,4.0,2.0,50.0
95,중랑구,면목4동,7,2,28.57142857142857,1.0,1.0,100.0
96,중랑구,면목5동,5,3,60.0,0.0,0.0,0.0
97,중랑구,면목7동,9,4,44.44444444444444,1.0,0.0,0.0
98,중랑구,상봉1동,11,5,45.45454545454545,2.0,0.0,0.0
99,중랑구,상봉2동,4,1,25.0,0.0,0.0,0.0
100,중랑구,중화1동,12,3,25.0,3.0,1.0,33.33333333333333
101,중랑구,중화2동,5,3,60.0,1.0,0.0,0.0
102,중랑구,묵1동,20,5,25.0,2.0,0.0,0.0
103,중랑구,묵2동,11,3,27.27272727272727,2.0,2.0,100.0
104,중랑구,망우3동,6,1,16.666666666666664,1.0,1.0,100.0
105,중랑구,신내1동,32,11,34.375,2.0,1.0,50.0
106,중랑구,신내2동,17,4,23.52941176470588,5.0,2.0,40.0
107,중랑구,면목본동,11,2,18.181818181818183,3.0,2.0,66.66666666666666
108,중랑구,면목3.8동,12,6,50.0,1.0,0.0,0.0
109,중랑구,망우본동,19,11,57.89473684210527,3.0,2.0,66.66666666666666
110,성북구,돈암1동,7,0,0.0,2.0,0.0,0.0
111,성북구,돈암2동,13,7,53.84615384615385,5.0,0.0,0.0
112,성북구,안암동,8,4,50.0,1.0,0.0,0.0
113,성북구,보문동,7,3,42.85714285714285,4.0,1.0,25.0
114,성북구,정릉1동,12,6,50.0,2.0,0.0,0.0
115,성북구,정릉2동,10,2,20.0,0.0,0.0,0.0
116,성북구,정릉3동,6,3,50.0,1.0,1.0,100.0
117,성북구,정릉4동,15,7,46.66666666666666,2.0,0.0,0.0
118,성북구,길음1동,21,5,23.809523809523807,6.0,3.0,50.0
119,성북구,길음2동,11,7,63.63636363636363,1.0,1.0,100.0
120,성북구,월곡1동,14,5,35.714285714285715,1.0,1.0,100.0
121,성북구,월곡2동,11,5,45.45454545454545,2.0,0.0,0.0
122,성북구,장위1동,8,3,37.5,3.0,1.0,33.33333333333333
123,성북구,장위2동,7,1,14.285714285714285,1.0,1.0,100.0
124,성북구,장위3동,10,4,40.0,1.0,1.0,100.0
125,성북구,성북동,4,2,50.0,3.0,1.0,33.33333333333333
126,성북구,삼선동,7,4,57.14285714285714,1.0,1.0,100.0
127,성북구,동선동,4,2,50.0,3.0,2.0,66.66666666666666
128,성북구,종암동,22,10,45.45454545454545,4.0,1.0,25.0
129,성북구,석관동,13,7,53.84615384615385,3.0,1.0,33.33333333333333
130,강북구,번1동,9,4,44.44444444444444,1.0,1.0,100.0
131,강북구,번2동,5,2,40.0,1.0,0.0,0.0
132,강북구,번3동,7,3,42.85714285714285,1.0,1.0,100.0
133,강북구,수유1동,6,2,33.33333333333333,1.0,1.0,100.0
134,강북구,수유2동,11,3,27.27272727272727,2.0,0.0,0.0
135,강북구,수유3동,8,1,12.5,0.0,0.0,0.0
136,강북구,삼양동,14,7,50.0,3.0,1.0,33.33333333333333
137,강북구,미아동,6,3,50.0,0.0,0.0,0.0
138,강북구,송중동,12,8,66.66666666666666,2.0,1.0,50.0
139,강북구,송천동,7,3,42.85714285714285,1.0,1.0,100.0
140,강북구,삼각산동,22,16,72.72727272727273,1.0,0.0,0.0
141,강북구,우이동,8,4,50.0,1.0,0.0,0.0
142,강북구,인수동,7,4,57.14285714285714,3.0,1.0,33.33333333333333
143,도봉구,쌍문1동,9,2,22.22222222222222,4.0,2.0,50.0
144,도봉구,쌍문2동,9,3,33.33333333333333,1.0,0.0,0.0
145,도봉구,쌍문3동,7,2,28.57142857142857,0.0,0.0,0.0
146,도봉구,쌍문4동,12,5,41.66666666666667,2.0,0.0,0.0
147,도봉구,방학1동,10,7,70.0,2.0,1.0,50.0
148,도봉구,방학2동,9,3,33.33333333333333,0.0,0.0,0.0
149,도봉구,방학3동,17,6,35.294117647058826,4.0,1.0,25.0
150,도봉구,창1동,13,5,38.46153846153847,1.0,0.0,0.0
151,도봉구,창2동,18,5,27.77777777777778,1.0,0.0,0.0
152,도봉구,창3동,9,5,55.55555555555556,2.0,1.0,50.0
153,도봉구,창4동,18,7,38.88888888888889,3.0,2.0,66.66666666666666
154,도봉구,창5동,12,3,25.0,4.0,2.0,50.0
155,도봉구,도봉1동,6,2,33.33333333333333,2.0,2.0,100.0
156,도봉구,도봉2동,21,11,52.38095238095239,2.0,0.0,0.0
157,노원구,월계1동,14,5,35.714285714285715,1.0,0.0,0.0
158,노원구,월계2동,15,8,53.333333333333336,5.0,1.0,20.0
159,노원구,월계3동,28,4,14.285714285714285,4.0,1.0,25.0
160,노원구,공릉2동,29,9,31.03448275862069,9.0,2.0,22.22222222222222
161,노원구,하계1동,10,4,40.0,3.0,1.0,33.33333333333333
162,노원구,하계2동,12,4,33.33333333333333,2.0,0.0,0.0
163,노원구,중계본동,5,2,40.0,3.0,1.0,33.33333333333333
164,노원구,중계1동,10,4,40.0,1.0,0.0,0.0
165,노원구,중계4동,7,1,14.285714285714285,2.0,0.0,0.0
166,노원구,상계1동,19,10,52.63157894736842,4.0,3.0,75.0
167,노원구,상계2동,12,3,25.0,1.0,1.0,100.0
168,노원구,상계5동,9,1,11.11111111111111,1.0,1.0,100.0
169,노원구,상계8동,32,8,25.0,4.0,2.0,50.0
170,노원구,상계9동,16,3,18.75,2.0,1.0,50.0
171,노원구,상계10동,11,3,27.27272727272727,3.0,1.0,33.33333333333333
172,노원구,상계3.4동,13,7,53.84615384615385,3.0,1.0,33.33333333333333
173,노원구,상계6.7동,24,5,20.833333333333336,2.0,1.0,50.0
174,노원구,중계2.3동,22,6,27.27272727272727,4.0,1.0,25.0
175,노원구,공릉1동,18,6,33.33333333333333,5.0,2.0,40.0
176,은평구,녹번동,19,7,36.84210526315789,4.0,2.0,50.0
177,은평구,불광1동,18,7,38.88888888888889,3.0,1.0,33.33333333333333
178,은평구,갈현1동,8,4,50.0,0.0,0.0,0.0
179,은평구,갈현2동,12,5,41.66666666666667,3.0,0.0,0.0
180,은평구,구산동,13,6,46.15384615384615,2.0,1.0,50.0
181,은평구,대조동,9,3,33.33333333333333,0.0,0.0,0.0
182,은평구,응암1동,13,6,46.15384615384615,3.0,1.0,33.33333333333333
183,은평구,응암2동,18,11,61.11111111111112,3.0,1.0,33.33333333333333
184,은평구,신사1동,11,3,27.27272727272727,1.0,0.0,0.0
185,은평구,신사2동,7,4,57.14285714285714,1.0,1.0,100.0
186,은평구,증산동,13,4,30.76923076923077,1.0,0.0,0.0
187,은평구,수색동,4,2,50.0,2.0,1.0,50.0
188,은평구,진관동,39,16,41.02564102564102,7.0,5.0,71.42857142857143
189,은평구,불광2동,8,3,37.5,3.0,3.0,100.0
190,은평구,응암3동,5,2,40.0,2.0,1.0,50.0
191,은평구,역촌동,20,7,35.0,2.0,1.0,50.0
192,서대문구,천연동,8,2,25.0,1.0,1.0,100.0
193,서대문구,홍제1동,12,4,33.33333333333333,2.0,0.0,0.0
194,서대문구,홍제3동,10,7,70.0,2.0,1.0,50.0
195,서대문구,홍제2동,4,2,50.0,1.0,0.0,0.0
196,서대문구,홍은1동,9,6,66.66666666666666,2.0,1.0,50.0
197,서대문구,홍은2동,7,3,42.85714285714285,1.0,0.0,0.0
198,서대문구,남가좌1동,13,7,53.84615384615385,1.0,1.0,100.0
199,서대문구,남가좌2동,17,7,41.17647058823529,3.0,0.0,0.0
200,서대문구,북가좌1동,10,5,50.0,1.0,0.0,0.0
201,서대문구,북가좌2동,10,4,40.0,2.0,0.0,0.0
202,서대문구,충현동,8,4,50.0,0.0,0.0,0.0
203,서대문구,북아현동,12,7,58.333333333333336,1.0,1.0,100.0
204,서대문구,신촌동,5,1,20.0,3.0,0.0,0.0
205,서대문구,연희동,11,5,45.45454545454545,1.0,0.0,0.0
206,마포구,용강동,12,4,33.33333333333333,1.0,0.0,0.0
207,마포구,대흥동,4,4,100.0,2.0,2.0,100.0
208,마포구,염리동,8,6,75.0,2.0,1.0,50.0
209,마포구,신수동,9,5,55.55555555555556,1.0,0.0,0.0
210,마포구,서교동,8,7,87.5,1.0,0.0,0.0
211,마포구,합정동,7,3,42.85714285714285,1.0,1.0,100.0
212,마포구,망원1동,11,4,36.36363636363637,0.0,0.0,0.0
213,마포구,망원2동,8,2,25.0,1.0,1.0,100.0
214,마포구,연남동,4,1,25.0,2.0,0.0,0.0
215,마포구,성산1동,5,1,20.0,2.0,1.0,50.0
216,마포구,성산2동,22,4,18.181818181818183,3.0,1.0,33.33333333333333
217,마포구,상암동,30,15,50.0,5.0,3.0,60.0
218,마포구,도화동,11,4,36.36363636363637,3.0,1.0,33.33333333333333
219,마포구,서강동,13,8,61.53846153846154,0.0,0.0,0.0
220,마포구,공덕동,14,6,42.85714285714285,3.0,2.0,66.66666666666666
221,마포구,아현동,21,11,52.38095238095239,0.0,0.0,0.0
222,양천구,목1동,10,3,30.0,2.0,1.0,50.0
223,양천구,목2동,12,3,25.0,2.0,1.0,50.0
224,양천구,목3동,13,5,38.46153846153847,2.0,0.0,0.0
225,양천구,목4동,10,6,60.0,0.0,0.0,0.0
226,양천구,신월1동,15,2,13.333333333333334,0.0,0.0,0.0
227,양천구,신월2동,17,3,17.647058823529413,0.0,0.0,0.0
228,양천구,신월3동,11,4,36.36363636363637,2.0,1.0,50.0
229,양천구,신월4동,12,3,25.0,2.0,0.0,0.0
230,양천구,신월5동,10,4,40.0,1.0,1.0,100.0
231,양천구,신월6동,10,5,50.0,0.0,0.0,0.0
232,양천구,신월7동,10,2,20.0,2.0,1.0,50.0
233,양천구,신정1동,9,2,22.22222222222222,2.0,0.0,0.0
234,양천구,신정2동,8,2,25.0,1.0,0.0,0.0
235,양천구,신정3동,32,22,68.75,6.0,4.0,66.66666666666666
236,양천구,신정6동,11,2,18.181818181818183,2.0,0.0,0.0
237,양천구,신정7동,15,7,46.66666666666666,3.0,0.0,0.0
238,양천구,목5동,15,4,26.666666666666668,7.0,3.0,42.85714285714285
239,양천구,신정4동,16,9,56.25,4.0,2.0,50.0
240,강서구,염창동,29,8,27.58620689655172,1.0,1.0,100.0
241,강서구,등촌1동,12,4,33.33333333333333,1.0,0.0,0.0
242,강서구,등촌2동,10,2,20.0,2.0,1.0,50.0
243,강서구,등촌3동,15,8,53.333333333333336,4.0,1.0,25.0
244,강서구,화곡본동,22,4,18.181818181818183,3.0,1.0,33.33333333333333
245,강서구,화곡2동,8,3,37.5,2.0,0.0,0.0
246,강서구,화곡3동,11,4,36.36363636363637,1.0,0.0,0.0
247,강서구,화곡4동,11,2,18.181818181818183,3.0,1.0,33.33333333333333
248,강서구,화곡6동,8,2,25.0,1.0,0.0,0.0
249,강서구,화곡8동,14,4,28.57142857142857,1.0,0.0,0.0
250,강서구,가양1동,22,3,13.636363636363637,3.0,0.0,0.0
251,강서구,가양2동,6,3,50.0,2.0,1.0,50.0
252,강서구,가양3동,9,3,33.33333333333333,3.0,1.0,33.33333333333333
253,강서구,발산1동,27,8,29.629629629629623,3.0,1.0,33.33333333333333
254,강서구,공항동,17,7,41.17647058823529,2.0,2.0,100.0
255,강서구,방화1동,30,12,40.0,5.0,3.0,60.0
256,강서구,방화2동,9,3,33.33333333333333,3.0,1.0,33.33333333333333
257,강서구,방화3동,12,3,25.0,3.0,1.0,33.33333333333333
258,강서구,화곡1동,17,4,23.52941176470588,2.0,2.0,100.0
259,강서구,우장산동,23,5,21.73913043478261,4.0,1.0,25.0
260,구로구,신도림동,29,8,27.58620689655172,3.0,1.0,33.33333333333333
261,구로구,구로1동,21,4,19.047619047619047,3.0,1.0,33.33333333333333
262,구로구,구로3동,16,9,56.25,3.0,2.0,66.66666666666666
263,구로구,구로4동,15,6,40.0,2.0,0.0,0.0
264,구로구,구로5동,18,3,16.666666666666664,1.0,1.0,100.0
265,구로구,고척1동,14,5,35.714285714285715,2.0,2.0,100.0
266,구로구,고척2동,19,7,36.84210526315789,1.0,1.0,100.0
267,구로구,개봉2동,20,12,60.0,3.0,0.0,0.0
268,구로구,개봉3동,9,4,44.44444444444444,1.0,1.0,100.0
269,구로구,오류1동,9,3,33.33333333333333,2.0,0.0,0.0
270,구로구,오류2동,30,15,50.0,5.0,3.0,60.0
271,구로구,수궁동,12,2,16.666666666666664,1.0,0.0,0.0
272,구로구,가리봉동,3,2,66.66666666666666,0.0,0.0,0.0
273,구로구,구로2동,13,3,23.07692307692308,1.0,0.0,0.0
274,구로구,개봉1동,19,6,31.57894736842105,2.0,1.0,50.0
275,구로구,항동,19,10,52.63157894736842,1.0,1.0,100.0
276,금천구,가산동,10,3,30.0,1.0,0.0,0.0
277,금천구,독산1동,27,15,55.55555555555556,4.0,2.0,50.0
278,금천구,독산2동,10,5,50.0,2.0,2.0,100.0
279,금천구,독산3동,9,3,33.33333333333333,1.0,0.0,0.0
280,금천구,독산4동,10,3,30.0,1.0,1.0,100.0
281,금천구,시흥1동,18,7,38.88888888888889,1.0,0.0,0.0
282,금천구,시흥2동,14,10,71.42857142857143,4.0,1.0,25.0
283,금천구,시흥3동,3,2,66.66666666666666,1.0,0.0,0.0
284,금천구,시흥4동,13,3,23.07692307692308,0.0,0.0,0.0
285,금천구,시흥5동,14,4,28.57142857142857,1.0,1.0,100.0
286,영등포구,여의동,33,3,9.090909090909092,5.0,1.0,20.0
287,영등포구,당산1동,13,4,30.76923076923077,2.0,0.0,0.0
288,영등포구,당산2동,19,8,42.10526315789473,2.0,1.0,50.0
289,영등포구,양평1동,13,4,30.76923076923077,3.0,1.0,33.33333333333333
290,영등포구,양평2동,18,6,33.33333333333333,2.0,1.0,50.0
291,영등포구,신길1동,7,4,57.14285714285714,0.0,0.0,0.0
292,영등포구,신길3동,8,3,37.5,3.0,0.0,0.0
293,영등포구,신길4동,6,4,66.66666666666666,3.0,1.0,33.33333333333333
294,영등포구,신길5동,3,3,100.0,1.0,0.0,0.0
295,영등포구,신길6동,13,6,46.15384615384615,2.0,1.0,50.0
296,영등포구,신길7동,10,4,40.0,2.0,1.0,50.0
297,영등포구,대림1동,9,4,44.44444444444444,1.0,0.0,0.0
298,영등포구,대림2동,5,2,40.0,2.0,2.0,100.0
299,영등포구,대림3동,11,4,36.36363636363637,4.0,1.0,25.0
300,영등포구,영등포본동,12,4,33.33333333333333,2.0,0.0,0.0
301,영등포구,영등포동,9,6,66.66666666666666,3.0,1.0,33.33333333333333
302,영등포구,도림동,11,3,27.27272727272727,1.0,0.0,0.0
303,영등포구,문래동,24,10,41.66666666666667,1.0,1.0,100.0
304,동작구,노량진2동,1,0,0.0,1.0,0.0,0.0
305,동작구,상도1동,16,7,43.75,3.0,1.0,33.33333333333333
306,동작구,상도2동,17,7,41.17647058823529,0.0,0.0,0.0
307,동작구,상도3동,9,2,22.22222222222222,0.0,0.0,0.0
308,동작구,상도4동,14,4,28.57142857142857,3.0,0.0,0.0
309,동작구,사당1동,6,2,33.33333333333333,1.0,0.0,0.0
310,동작구,사당3동,11,7,63.63636363636363,2.0,1.0,50.0
311,동작구,사당4동,8,2,25.0,0.0,0.0,0.0
312,동작구,사당5동,6,2,33.33333333333333,3.0,2.0,66.66666666666666
313,동작구,대방동,11,5,45.45454545454545,1.0,0.0,0.0
314,동작구,신대방1동,11,4,36.36363636363637,3.0,1.0,33.33333333333333
315,동작구,신대방2동,13,7,53.84615384615385,0.0,0.0,0.0
316,동작구,흑석동,14,7,50.0,4.0,1.0,25.0
317,동작구,노량진1동,15,7,46.66666666666666,5.0,2.0,40.0
318,동작구,사당2동,16,7,43.75,0.0,0.0,0.0
319,관악구,보라매동,12,4,33.33333333333333,1.0,1.0,100.0
320,관악구,청림동,15,9,60.0,2.0,1.0,50.0
321,관악구,행운동,10,5,50.0,3.0,2.0,66.66666666666666
322,관악구,낙성대동,7,2,28.57142857142857,0.0,0.0,0.0
323,관악구,중앙동,2,2,100.0,1.0,1.0,100.0
324,관악구,인헌동,9,4,44.44444444444444,1.0,0.0,0.0
325,관악구,남현동,6,1,16.666666666666664,2.0,1.0,50.0
326,관악구,서원동,7,5,71.42857142857143,0.0,0.0,0.0
327,관악구,신원동,6,2,33.33333333333333,1.0,1.0,100.0
328,관악구,서림동,7,1,14.285714285714285,3.0,1.0,33.33333333333333
329,관악구,신사동,9,4,44.44444444444444,1.0,1.0,100.0
330,관악구,신림동,3,2,66.66666666666666,0.0,0.0,0.0
331,관악구,난향동,11,3,27.27272727272727,1.0,0.0,0.0
332,관악구,조원동,8,5,62.5,0.0,0.0,0.0
333,관악구,대학동,5,1,20.0,1.0,1.0,100.0
334,관악구,은천동,15,7,46.66666666666666,4.0,2.0,50.0
335,관악구,성현동,15,5,33.33333333333333,3.0,0.0,0.0
336,관악구,청룡동,11,6,54.54545454545454,2.0,2.0,100.0
337,관악구,난곡동,11,5,45.45454545454545,2.0,1.0,50.0
338,관악구,삼성동,5,4,80.0,2.0,1.0,50.0
339,관악구,미성동,11,5,45.45454545454545,1.0,0.0,0.0
340,서초구,서초1동,11,4,36.36363636363637,1.0,0.0,0.0
341,서초구,서초2동,10,5,50.0,1.0,0.0,0.0
342,서초구,서초3동,11,4,36.36363636363637,0.0,0.0,0.0
343,서초구,서초4동,10,7,70.0,3.0,1.0,33.33333333333333
344,서초구,잠원동,9,4,44.44444444444444,1.0,0.0,0.0
345,서초구,반포본동,0,0,0.0,0.0,0.0,0.0
346,서초구,반포1동,9,6,66.66666666666666,1.0,0.0,0.0
347,서초구,반포2동,7,4,57.14285714285714,1.0,0.0,0.0
348,서초구,반포3동,9,5,55.55555555555556,1.0,0.0,0.0
349,서초구,반포4동,10,5,50.0,0.0,0.0,0.0
350,서초구,방배본동,5,3,60.0,1.0,1.0,100.0
351,서초구,방배1동,5,2,40.0,0.0,0.0,0.0
352,서초구,방배2동,9,5,55.55555555555556,0.0,0.0,0.0
353,서초구,방배3동,6,5,83.33333333333334,1.0,0.0,0.0
354,서초구,방배4동,9,3,33.33333333333333,2.0,1.0,50.0
355,서초구,양재1동,24,10,41.66666666666667,7.0,5.0,71.42857142857143
356,서초구,양재2동,10,6,60.0,1.0,0.0,0.0
357,서초구,내곡동,16,10,62.5,2.0,2.0,100.0
358,강남구,신사동,3,2,66.66666666666666,1.0,1.0,100.0
359,강남구,개포3동,8,3,37.5,2.0,0.0,0.0
360,강남구,논현1동,4,2,50.0,1.0,1.0,100.0
361,강남구,논현2동,4,1,25.0,2.0,1.0,50.0
362,강남구,삼성1동,7,2,28.57142857142857,1.0,0.0,0.0
363,강남구,삼성2동,13,4,30.76923076923077,0.0,0.0,0.0
364,강남구,대치1동,6,2,33.33333333333333,2.0,0.0,0.0
365,강남구,대치4동,8,2,25.0,1.0,1.0,100.0
366,강남구,역삼1동,13,1,7.6923076923076925,1.0,1.0,100.0
367,강남구,역삼2동,13,2,15.384615384615383,0.0,0.0,0.0
368,강남구,도곡1동,5,1,20.0,1.0,1.0,100.0
369,강남구,도곡2동,4,2,50.0,2.0,0.0,0.0
370,강남구,개포1동,0,0,0.0,0.0,0.0,0.0
371,강남구,개포4동,12,4,33.33333333333333,2.0,1.0,50.0
372,강남구,일원본동,8,3,37.5,2.0,0.0,0.0
373,강남구,일원1동,9,2,22.22222222222222,1.0,1.0,100.0
374,강남구,일원2동,0,0,0.0,0.0,0.0,0.0
375,강남구,수서동,7,3,42.85714285714285,4.0,1.0,25.0
376,강남구,세곡동,30,14,46.66666666666666,6.0,5.0,83.33333333333334
377,강남구,압구정동,5,3,60.0,0.0,0.0,0.0
378,강남구,청담동,6,3,50.0,3.0,1.0,33.33333333333333
379,강남구,대치2동,11,3,27.27272727272727,1.0,1.0,100.0
380,강남구,개포2동,7,4,57.14285714285714,2.0,1.0,50.0
381,송파구,풍납1동,6,2,33.33333333333333,1.0,0.0,0.0
382,송파구,풍납2동,18,6,33.33333333333333,3.0,0.0,0.0
383,송파구,거여1동,9,5,55.55555555555556,1.0,1.0,100.0
384,송파구,거여2동,17,8,47.05882352941176,3.0,1.0,33.33333333333333
385,송파구,마천1동,7,2,28.57142857142857,1.0,0.0,0.0
386,송파구,마천2동,11,2,18.181818181818183,1.0,1.0,100.0
387,송파구,방이1동,5,0,0.0,1.0,1.0,100.0
388,송파구,방이2동,12,3,25.0,1.0,0.0,0.0
389,송파구,오륜동,1,0,0.0,3.0,1.0,33.33333333333333
390,송파구,오금동,19,6,31.57894736842105,2.0,1.0,50.0
391,송파구,송파1동,12,3,25.0,1.0,1.0,100.0
392,송파구,송파2동,7,1,14.285714285714285,3.0,1.0,33.33333333333333
393,송파구,석촌동,13,4,30.76923076923077,2.0,0.0,0.0
394,송파구,삼전동,11,3,27.27272727272727,1.0,0.0,0.0
395,송파구,가락본동,14,6,42.85714285714285,1.0,1.0,100.0
396,송파구,가락1동,14,9,64.28571428571429,1.0,1.0,100.0
397,송파구,가락2동,18,2,11.11111111111111,3.0,0.0,0.0
398,송파구,문정1동,8,2,25.0,1.0,0.0,0.0
399,송파구,문정2동,12,3,25.0,0.0,0.0,0.0
400,송파구,잠실본동,7,2,28.57142857142857,0.0,0.0,0.0
401,송파구,잠실4동,17,2,11.76470588235294,1.0,0.0,0.0
402,송파구,잠실6동,11,1,9.090909090909092,1.0,0.0,0.0
403,송파구,잠실7동,0,0,0.0,1.0,1.0,100.0
404,송파구,잠실2동,14,4,28.57142857142857,3.0,2.0,66.66666666666666
405,송파구,잠실3동,16,1,6.25,2.0,2.0,100.0
406,송파구,장지동,23,12,52.17391304347826,4.0,0.0,0.0
407,송파구,위례동,33,18,54.54545454545454,5.0,5.0,100.0
408,강동구,강일동,29,11,37.93103448275862,3.0,2.0,66.66666666666666
409,강동구,명일1동,13,4,30.76923076923077,1.0,1.0,100.0
410,강동구,명일2동,8,1,12.5,4.0,0.0,0.0
411,강동구,고덕1동,9,2,22.22222222222222,1.0,0.0,0.0
412,강동구,고덕2동,12,6,50.0,2.0,1.0,50.0
413,강동구,암사2동,14,3,21.428571428571427,1.0,0.0,0.0
414,강동구,암사3동,9,4,44.44444444444444,1.0,0.0,0.0
415,강동구,천호1동,16,6,37.5,1.0,1.0,100.0
416,강동구,천호3동,8,3,37.5,2.0,0.0,0.0
417,강동구,성내1동,13,5,38.46153846153847,1.0,0.0,0.0
418,강동구,성내2동,9,2,22.22222222222222,0.0,0.0,0.0
419,강동구,성내3동,11,4,36.36363636363637,1.0,0.0,0.0
420,강동구,둔촌1동,0,0,0.0,0.0,0.0,0.0
421,강동구,둔촌2동,15,5,33.33333333333333,2.0,1.0,50.0
422,강동구,암사1동,17,4,23.52941176470588,1.0,1.0,100.0
423,강동구,천호2동,10,5,50.0,2.0,0.0,0.0
424,강동구,길동,17,6,35.294117647058826,3.0,2.0,66.66666666666666
425,강동구,상일1동,13,8,61.53846153846154,5.0,2.0,40.0
426,강동구,상일2동,15,7,46.66666666666666,1.0,0.0,0.0
